id,type,typeEs,typeEu,nameEs,nameEu,startDate,endDate,publicationDate,language,openingHoursEs,openingHoursEu,sourceNameEs,sourceNameEu,sourceUrlEs,sourceUrlEu,priceEs,priceEu,purchaseUrlEs,purchaseUrlEu,descriptionEs,descriptionEu,municipalityEs,municipalityEu,municipalityLatitude,municipalityLongitude,municipalityNoraCode,provinceNoraCode,establishmentEs,establishmentEu,urlEventEs,urlEventEu,urlNameEs,urlNameEu,images,attachment,placeEs,placeEu,online,companyEs,companyEu,temperature,humidity,wind_speed,time,last_updated,precipitation_probability
2025060314115808,1,Concierto,Kontzertua,Ciclo Lied Arriagan: MARISA MARTINS Y MIQUEL ORTEGA,Lied Arriagan Zikloa: MARISA MARTINS eta MIQUEL ORTEGA,2026-06-09T00:00:00Z,2026-06-09T00:00:00Z,2026-06-09T15:00:16Z,VS,19:30,19:30,teatroarriaga.eus,teatroarriaga.eus,https://www.teatroarriaga.eus/programacion/marisa-martins-y-miquel-ortega/,https://www.teatroarriaga.eus/programacion/marisa-martins-y-miquel-ortega/?lang=eu,18 €,18 €,https://www.teatroarriaga.eus/programacion/marisa-martins-y-miquel-ortega/,https://www.teatroarriaga.eus/programacion/marisa-martins-y-miquel-ortega/?lang=eu,"<div class=""ow-caption-left"">
<p class=""ficha-obra__hero-excerpt""><strong><span>Recital que acerca a compositores que se han distinguido por mantener una fidelidad a la melod&iacute;a</span>.</strong></p>
</div>
<div class=""ow-caption-right"">
<p>Dentro de la creaci&oacute;n lieder&iacute;stica del siglo XX y de este ya primer cuarto de siglo del XXI, Espa&ntilde;a, Francia y Argentina son tres pa&iacute;ses que se han distinguido por mantener, en general, una fidelidad a la melod&iacute;a, independientemente del tratamiento arm&oacute;nico que sus autores/as hayan utilizado. Este recital de Marisa Martins y Miquel Ortega acerca al p&uacute;blico obras de 3 compositores del siglo XX, Mompou, Poulenc y Guastavino, nombrados en orden cronol&oacute;gico; y tambi&eacute;n piezas de una compositora y un compositor nacidos en el XX, con mucha obra creada en el pasado siglo, pero que siguen en activo: Mariona Vila y el propio Miquel Ortega.</p>
<p>De los compositores que ya no est&aacute;n con nosotros se ha dicho todo. Mompou, Poulenc y Guastavino son tres grandes autores y tienen un lugar bien merecido en la historia. Sobre los autores vivos, cabe se&ntilde;alar que la obra de Mariona Vila, muy reciente, fue estrenada por Miquel Ortega en diciembre de 2024 junto al contratenor V&iacute;ctor Jim&eacute;nez D&iacute;az, dedicatorio del ciclo. El concierto se completa con dos obras del propio Miquel Ortega. Una de ellas re&uacute;ne cuatro textos de Federico Garc&iacute;a Lorca, y fue compuesta y estrenada durante la d&eacute;cada de 1990. Por &uacute;ltimo, el ciclo sobre textos del siglo de Oro fue compuesto por Ortega entre finales de 2018 y comienzos de 2019 y estrenado en el Festival Internacional Jes&uacute;s L&oacute;pez Cobos de Toro por la soprano Conchi Moyano y el pianista Aurelio Viribay. Ser&aacute; un placer disfrutar de todas estas obras a trav&eacute;s de la voz de Marisa Ma<span>tins y de la elegancia al piano del maestro Ortega.</span></p>
<ul class=""lista"">
<li><span>Mezzosoprano:&nbsp;</span><strong>Marisa Martins</strong></li>
<li><span>Pianista:&nbsp;</span><strong>Miquel Ortega</strong><span><br /></span></li>
</ul>
<p><strong><a href=""https://www.teatroarriaga.eus/wp-content/uploads/2026/05/Programa-MARISA-MIQUEL-1.pdf"" target=""_blank""><strong>Programa (pdf)</strong></a></strong></p>
</div>","<div class=""ow-caption-left"">
<p class=""ficha-obra__hero-excerpt""><strong>Melodiarekiko fideltasunari eusteagatik nabarmendu diren musikagileak hurbiltzen dituen errezitaldia.</strong></p>
</div>
<div class=""ow-caption-right"">
<p>XX. mendeko eta XXI. mendearen lehen laurden honetako lieder-sorkuntzaren barruan, Espainia, Frantzia eta Argentina nabarmendu dira, oro har, melodiarekiko fideltasunari eusteagatik, egileek erabilitako tratamendu harmonikoa gorabehera. Marisa Martinsen eta Miquel Ortegaren errezitaldi honek XX. mendeko hiru konpositoreren obrak hurbilduko dizkio publikoari. Ordena kronologikoan, Mompou, Poulenc eta Guastavino dira konpositoreok. Bestalde, XX. mendean jaiotako bi musikagileren piezak ere interpretatuko dira. Aurreko mendean obra asko sortu bazituzten ere, jardunean jarraitzen dute. Mariona Vila eta Miquel Ortega bera dira.</p>
<p>Dagoeneko gurekin ez dauden konpositoreei buruz dena esan da. Mompou, Poulenc eta Guastavino hiru egile handi dira, eta ondo merezitako lekua dute historian. Bizirik dauden egileei dagokienez, aipatzekoa da Mariona Vilaren obra &mdash;oso berria&mdash; Miquel Ortegak estreinatu zuela 2024ko abenduan, zikloaren helburu izan zen V&iacute;ctor Jim&eacute;nez D&iacute;az kontratenorrarekin batera. Kontzertuari amaiera emateko, Miquel Ortegaren bi obra interpretatuko dituzte. Horietako batek Federico Garc&iacute;a Lorcaren lau testu biltzen ditu, eta 1990eko hamarkadan konposatu eta estreinatu zen. Azkenik, Urrezko Mendeko testuei buruzko zikloari dagokionez, 2018ko amaiera eta 2019ko hasiera bitartean konposatu zuen Ortegak, eta Jes&uacute;s L&oacute;pez Cobos de Toro Nazioarteko Jaialdian estreinatu zuten Conchi Moyano sopranoak eta Aurelio Viribay piano-joleak. Plazer handia izango da obra horiez guztiez gozatzea Marisa Martinsen ahotsaren eta Ortega maisuak pianoan erakusten duen dotoreziaren bidez.</p>
<ul class=""lista"">
<li><span>Mezzosopranoa:&nbsp;</span><strong>Marisa Martins</strong></li>
<li><span>Pianoa:&nbsp;</span><strong>Miquel Ortega</strong><span><br /></span></li>
</ul>
<p><a href=""https://www.teatroarriaga.eus/wp-content/uploads/2026/05/Programa-MARISA-MIQUEL-1.pdf"" target=""_blank""><strong>Egitaraua (pdf)</strong></a></p>
<p>&nbsp;</p>
</div>",Bilbao,Bilbao,43.256963,-2.923441,167,48,Teatro Arriaga,Arriaga Antzokia,http://www.teatroarriaga.eus/,http://www.teatroarriaga.eus/?lang=eu,Teatro Arriaga,Arriaga Antzokia,"[{'imageId': '1152186', 'imageFileName': '55.jpg', 'imageUrl': 'https://opendata.euskadi.eus/contenidos/evento/2025060314115808/es_def/images/55.jpg'}]",[],,,,,,No informado,No informado,No informado,No informado,2026-06-09 20:23:40.794320,No informado
2025072213335787,1,Concierto,Kontzertua,"Euskadiko Orkestra (temporada sinfónica): ""Prokofiev / Tchaikovsky""","Euskadiko Orkestra (denboraldi sinfonikoa): ""Prokofiev / Tchaikovsky""",2026-06-05T00:00:00Z,2026-06-09T00:00:00Z,2026-06-01T12:27:13Z,NA,19:30,19:30,euskadikoorkestra.eus,euskadikoorkestra.eus,https://es.euskadikoorkestra.eus/concierto/prokofiev-tchaikovsky,https://www.euskadikoorkestra.eus/kontzertua/prokofiev-txaikovski,,,https://es.euskadikoorkestra.eus/concierto/prokofiev-tchaikovsky,https://www.euskadikoorkestra.eus/kontzertua/prokofiev-txaikovski,"<div class=""artista director"">
<p><span>Michal Nesterowicz</span>&nbsp;figura entre los m&aacute;s notables directores que ha dado Polonia en las &uacute;ltimas d&eacute;cadas, aclamado por su dominio del repertorio ruso y, en especial, por su afinidad con la m&uacute;sica de&nbsp;<span>Tchaikovsky</span>. Ser&aacute; precisamente este universo sonoro el eje de su reencuentro con Euskadiko Orkestra. Le acompa&ntilde;ar&aacute; el pianista moscovita<span>&nbsp;Boris Giltburg</span>, laureado en el Concurso Reina Elizabeth de B&eacute;lgica, para abordar el&nbsp;<span><em>Concierto para piano n&ordm;3</em></span>&nbsp;de&nbsp;<span>Prokofiev</span>, el m&aacute;s l&iacute;rico de los cinco que escribi&oacute; este compositor-pianista que supo abrazar tambi&eacute;n la dimensi&oacute;n percutiva del instrumento.</p>
<p>Cerrar&aacute; la Temporada una obra atravesada por la noci&oacute;n de destino: la&nbsp;<span><em>Sinfon&iacute;a n&ordm;5</em>&nbsp;</span>de&nbsp;<span>Piotr Ilich Tchaikovsky</span>. Compuesta durante el verano de 1888, su gestaci&oacute;n fue un proceso arduo, ya que el autor quiso aunar en ella la arquitectura sinf&oacute;nica con un programa oculto, el folclore eslavo y el lenguaje del ballet, dando lugar a una de las sinfon&iacute;as m&aacute;s singulares del siglo XIX.</p>
<div class=""artista director"">
<ul class=""lista"">
<li><span>Michal Nesterowicz,&nbsp;</span>Director</li>
</ul>
</div>
<div class=""artista otros"">
<ul class=""lista"">
<li class=""_mce_tagged_br""><span>Boris Giltburg</span></li>
</ul>
</div>
<div class=""artista otros"">
<ul class=""lista"">
<li class=""_mce_tagged_br""><span>Euskadiko Orkestra</span></li>
</ul>
</div>
</div>
<p><strong>PROGRAMA:</strong></p>
<p>S. Prokofiev<br />Concierto para piano n&ordm;3 [27']</p>
<p>P. I. Tchaikovsky<br />Sinfon&iacute;a n&ordm;5 [44']</p>
<p><strong>CONCIERTOS:</strong></p>
<ul class=""lista"">
<li><a href=""https://www.kulturklik.euskadi.eus/evento/2026/06/05/euskadiko-orkestra-prokofiev-tchaikovsky-pamplona-/z12-detalle/es"">5 de junio, 19:30, en Pamplona-Iru&ntilde;a (Baluarte)</a></li>
<li><a href=""https://www.kulturklik.euskadi.eus/evento/2026/06/06/euskadiko-orkestra-prokofiev-tchaikovsky-bilbao-/z12-detalle/es"">6 de junio, 19:30, en Bilbao (Euskalduna)</a></li>
<li><a href=""https://www.kulturklik.euskadi.eus/evento/2026/06/08/euskadiko-orkestra-prokofiev-tchaikovsky-san-sebastian-/z12-detalle/es"">8 de junio, 19:30, en Donostia-San Sebasti&aacute;n (Kursaal)</a></li>
<li><a href=""https://www.kulturklik.euskadi.eus/evento/2026/06/09/euskadiko-orkestra-prokofiev-tchaikovsky-san-sebastian-/webkklik00-detalle/es/"">9 de junio, 19:30, en Donostia-San Sebasti&aacute;n (Kursaal)</a></li>
</ul>
<p>&nbsp;</p>
<p><iframe src=""https://open.spotify.com/embed/playlist/4uxwen7qDS1wyRwjxT8zRG?utm_source=generator"" frameborder=""0"" width=""0"" height=""352""></iframe></p>","<div id=""miniPrograma"" class=""small-12 medium-5 column"">
<div id=""miniPrograma"" class=""small-12 medium-5 column"">
<div class=""artista director"">
<p><span>Michal Nesterowicz&nbsp;</span>Poloniak azken hamarkadetan eman dituen zuzendari garrantzitsuenen artean dago, errusiar errepertorioa menderatzeagatik eta, bereziki, Txaikovskiren musikarekin duen kidetasunagatik goretsia. Soinu unibertso hori izango da, hain zuzen ere, Euskadiko Orkestrarekin berriro elkartzearen ardatza.&nbsp;<span>Boris Giltburg&nbsp;</span>Moskuko pianojolea izango du lagun, Belgikako Elizabeth Erregina Lehiaketan saritua,&nbsp;<span>Prokofiev</span>en&nbsp;<span><em>Pianorako 3. Kontzertua</em></span>ri ekiteko, instrumentuaren dimentsio perkutiboari ere heltzen jakin zuen konpositore-pianista honek idatzi zituen bost kontzertuetatik lirikoena.</p>
<p>Destinoaren nozioak zeharkatzen duen lan batek itxiko du Denboraldia:&nbsp;<span>Piotr Ilitx Txaikovski</span>ren&nbsp;<span><em>5. Sinfonia</em></span>. 1888ko udan konposatua, bere sorrera prozesu latza izan zen, izan ere, egileak arkitektura sinfonikoa programa ezkutu batekin, eslaviar folklorearekin eta balletaren hizkuntzarekin bateratu nahi izan zuen, XIX. mendeko sinfoniarik berezienetako bat sortuz.</p>
<div class=""artista director"">
<ul class=""lista"">
<li><span>Michal Nesterowicz,&nbsp;</span>Zuzendaria</li>
</ul>
</div>
<div class=""artista otros"">
<ul class=""lista"">
<li class=""_mce_tagged_br""><span>Boris Giltburg</span></li>
</ul>
</div>
<div class=""artista otros"">
<ul class=""lista"">
<li class=""_mce_tagged_br""><span>Euskadiko Orkestra</span></li>
</ul>
</div>
</div>
<p><strong>EGITARAUA:</strong></p>
<p><span>S. Prokofiev</span><br />Pianorako 3. Kontzertua [27']</p>
<p><span>P. I. Txaikovski</span><br />5. Sinfonia [44']</p>
<p><strong>DATAK:&nbsp;</strong></p>
<ul class=""lista"">
<li><a href=""https://www.kulturklik.euskadi.eus/ekitaldia/2026/06/05/euskadiko-orkestra-prokofiev-tchaikovsky-iruna-/z12-detalle/eu"" target=""_blank"">Ekainaren 5ean, 19:30ean, Iru&ntilde;ean (Baluarte)</a></li>
<li><a href=""https://www.kulturklik.euskadi.eus/ekitaldia/2026/06/06/euskadiko-orkestra-prokofiev-tchaikovsky-bilbo-/z12-detalle/eu"" target=""_blank"">Ekainaren 6an, 19:30ean, Bilbon (Euskalduna)</a></li>
<li><a href=""https://www.kulturklik.euskadi.eus/ekitaldia/2026/06/08/euskadiko-orkestra-prokofiev-tchaikovsky-donostia-/z12-detalle/eu"">Ekainaren 8an, 19:30ean, Donostian (Kursaal)</a></li>
<li><a href=""https://www.kulturklik.euskadi.eus/ekitaldia/2026/06/09/euskadiko-orkestra-prokofiev-tchaikovsky-donostia-/webkklik00-detalle/eu/"" target=""_blank"">Ekainaren 9an, 19:30ean, Donostian (Kursaal)</a></li>
</ul>
<p>&nbsp;</p>
<p><iframe style=""border-radius: 12px;"" src=""https://open.spotify.com/embed/playlist/4uxwen7qDS1wyRwjxT8zRG?utm_source=generator"" frameborder=""0"" width=""0"" height=""352""></iframe></p>
</div>
</div>",Donostia / San Sebastián,Donostia / San Sebastián,43.320725,-1.984449,82,20,,,,,,,"[{'imageId': '1148522', 'imageFileName': '32432324.jpg', 'imageUrl': 'https://opendata.euskadi.eus/contenidos/evento/2025072213335787/es_def/images/32432324.jpg'}]",[],"Pamplona, Bilbao y","Iruñea, Bilbo eta",,,,No informado,No informado,No informado,No informado,2026-06-09 20:23:41.286758,No informado
2026033113115658,1,Concierto,Kontzertua,Case Oats,Case Oats,2026-06-09T00:00:00Z,2026-06-09T00:00:00Z,2026-03-31T13:13:19Z,EN,20:30,20:30,dabadabass.com,dabadabass.com,https://dabadabass.com/event/case-oats-4020/register,https://dabadabass.com/event/case-oats-4020/register,15 / 18 €,15 / 18 €,https://dice.fm/partner/tickets/event/7dmpy7-case-oats-9th-jun-dabadaba-donostia-san-sebastian-tickets?dice_id=8486671&dice_channel=web&dice_tags=organic&dice_campaign=DICE&dice_feature=mio_marketing&,https://dice.fm/partner/tickets/event/7dmpy7-case-oats-9th-jun-dabadaba-donostia-san-sebastian-tickets?dice_id=8486671&dice_channel=web&dice_tags=organic&dice_campaign=DICE&dice_feature=mio_marketing&,"<p>El 9 de junio noche country en Dabadaba con&nbsp;<strong>Case Oats</strong>.</p>
<p>&nbsp;</p>
<p><iframe title=""YouTube video player"" src=""https://www.youtube-nocookie.com/embed/-bRDQlfGPho?si=HHZlgAGjO3PIGna5"" frameborder=""0"" width=""560"" height=""315""></iframe></p>","<p>Ekainaren 9an, country gaua&nbsp;<strong>Case Oats</strong> taldearekin.</p>
<p>&nbsp;</p>
<p><iframe title=""YouTube video player"" src=""https://www.youtube-nocookie.com/embed/-bRDQlfGPho?si=HHZlgAGjO3PIGna5"" frameborder=""0"" width=""560"" height=""315""></iframe></p>",Donostia / San Sebastián,Donostia / San Sebastián,43.320725,-1.984449,82,20,Dabadaba,Dabadaba,https://dabadabass.com/,https://dabadabass.com/?lang=eu,Dabadaba,Dabadaba,"[{'imageId': '1128796', 'imageFileName': '141.jpg', 'imageUrl': 'https://opendata.euskadi.eus/contenidos/evento/2026033113115658/es_def/images/141.jpg'}]",[],,,,,,No informado,No informado,No informado,No informado,2026-06-09 20:23:41.286758,No informado
2026040105041118,15,Otro,Bestelakoa,"Visitas guiadas: ""Arte vasco en los siglos XIX y XX""","Bisita gidatuak: ""Arte vasco en los siglos XIX y XX""",2026-06-09T00:00:00Z,2026-06-09T00:00:00Z,2026-04-01T12:00:26Z,ES,11:00 + 17:00,11:00 + 17:00,Donostia Kultura,Donostia Kultura,https://www.santelmomuseoa.eus/index.php?option=com_flexicontent&view=items&id=136&Itemid=8&lang=es&ide=38837,https://www.santelmomuseoa.eus/index.php?option=com_flexicontent&view=items&id=5128&Itemid=8&lang=eu&ide=38836,Reserva,Erreserba,https://www.donostia.eus/DonostiaKultura/STMsalmenta/muslinkIV/index.jsp?lang=2&nom_cache=STELMO&property=STELMO&codiActiv=2603,https://www.donostia.eus/DonostiaKultura/STMsalmenta/muslinkIV/index.jsp?lang=1&nom_cache=STELMO&property=STELMO&codiActiv=2603,"<p>Visita guiada dirigida a <strong>mayores de 55 a&ntilde;os</strong>, en este caso, al &aacute;rea de la exposici&oacute;n permanente donde se aborda el arte vasco de los siglos XX y XXI.</p>
<p>Las visitas guiadas del programa +55 se articulan a trav&eacute;s de seis itinerarios tem&aacute;ticos que se van sucediendo hasta conocer la exposici&oacute;n completa. En la <a href=""https://www.santelmomuseoa.eus/index.php?option=com_flexicontent&amp;view=items&amp;id=10296&amp;idc=66&amp;Itemid=271&amp;lang=es"">secci&oacute;n de visitas guiadas</a> del museo encontrar&aacute;s las siguientes incluidas en este programa (adem&aacute;s de otras visitas guiadas).</p>
<div class=""bloque-destacado"">
<p class=""bloque-destacado__titulo""><strong>Nota</strong></p>
<ul class='lista'>
<li class=""mb-0"">Si el aforo est&aacute; completo, se recomienda consultarlo m&aacute;s adelante, dado que hasta el &uacute;ltimo momento se pueden librar plazas.</li>
</ul>
</div>","<p><strong>55 urtetik gorakoentzako</strong> bisita gidatua museoko erakusketa iraunkorreko euskal arte ederretako aretoetara. Bertan XX. eta XXI. mendeen arteko hainbat margolari eta eskultore ezagutuko dira.</p>
<p>+55 Kultur Gidak programako bisita gidatuak sei ibilbide ezberdinetan antolatuta daude, erakusketa iraunkor osoa ezagutzeko txandakatzen direnak. <a href=""https://www.santelmomuseoa.eus/index.php?option=com_flexicontent&amp;view=items&amp;id=10298&amp;idc=66&amp;Itemid=271&amp;lang=eu"">Bisita gidatuen atalean</a> aurkituko dituzu programa honen barruan dauden hurrengo bisitak (beste hainbaten artean).</p>
<div class=""bloque-destacado"">
<p class=""bloque-destacado__titulo""><strong>Oharra</strong></p>
<ul class='lista'>
<li class=""mb-0"">Edukiera beteta baldin badago gomendatzen da aurrerago berriz kontsultatzea, izan ere, azken unera arte lekuak libratu daitezke.</li>
</ul>
</div>",Donostia / San Sebastián,Donostia / San Sebastián,43.320725,-1.984449,82,20,Museo San Telmo,San Telmo Museoa,http://www.santelmomuseoa.eus,http://www.santelmomuseoa.eus,Museo San Telmo,San Telmo Museoa,"[{'imageId': '1129131', 'imageFileName': '14.jpg', 'imageUrl': 'https://opendata.euskadi.eus/contenidos/evento/2026040105041118/es_def/images/14.jpg'}]",[],,,,,,No informado,No informado,No informado,No informado,2026-06-09 20:23:41.286758,No informado
2026041505095604,1,Concierto,Kontzertua,Atotxako flautistak,Atotxako flautistak,2026-06-09T00:00:00Z,2026-06-09T00:00:00Z,2026-04-15T05:10:06Z,NA,18:30,18:30,Donostia Kultura,Donostia Kultura,https://www.santelmomuseoa.eus/index.php?option=com_flexicontent&view=items&id=136&Itemid=8&lang=es&ide=39186,https://www.santelmomuseoa.eus/index.php?option=com_flexicontent&view=items&id=5128&Itemid=8&lang=eu&ide=39184,,,,,"<p>Actuación de <strong>Atotxako Flautistak</strong> en la que el alumnado mostrará el trabajo realizado durante el curso.</p> <p>Atotxako Flautistak surge en 2012 como iniciativa del aula de flauta travesera con la intención de crear un grupo estable dentro de la&nbsp;Escuela Municipal de Música y Danza de San Sebastián y con el objetivo principal de que todas y todos los flautistas, a partir de un determinado nivel, se conozcan haciendo música en común, independientemente del género de música y de las edades de sus componentes.</p> <p>El concierto tendrá lugar en la <strong>iglesia del museo</strong>.&nbsp;</p>","<p><strong>Atotxako Flautistak</strong> taldearen kontzertu honetan, ikasleek<strong> ikasturte honetako lana</strong> erakutsiko dute.</p> <p>Atotxako Flautistak 2012an sortu zen zeharkako txirularen ikasgelaren ekimen gisa, Donostiako Musika eta Dantza Eskolaren barruan talde egonkor bat sortzeko asmoz, eta helburu nagusi batekin: maila jakin batetik aurrerako flautista guztiak elkarrekin musika eginez ezagutzea, musika generoa eta taldekideen adina edozein izanik ere.</p> <p>Emanaldia <strong>museoko elizan</strong> izango da.&nbsp;</p>",Donostia / San Sebastián,Donostia / San Sebastián,43.320725,-1.984449,82,20,,,https://www.donostiakultura.eus/agenda/atotxako-flautistak-ek-9,https://www.donostiakultura.eus/agenda/atotxako-flautistak-ek-9,https://www.donostiakultura.eus/agenda/atotxako-flautistak-ek-9,https://www.donostiakultura.eus/agenda/atotxako-flautistak-ek-9,[],[],San Telmo Museoa,San Telmo Museoa,0,,,No informado,No informado,No informado,No informado,2026-06-09 20:23:41.286758,No informado
2026042713553555,6,Conferencia,Hitzaldia,"Presentación de libro: ""Labyrinthus"" (Karmele Correyero Sosa)","Liburu-aurkezpena: ""Labyrinthus"" (Karmele Correyero Sosa)",2026-06-09T00:00:00Z,2026-06-09T00:00:00Z,2026-04-27T13:57:52Z,ES,17:30,17:30,kultura.errenteria.eus,kultura.errenteria.eus,https://kultura.errenteria.eus/es/agenda/evento/presentacion-del-libro-labyrinthus-svylfh/,https://kultura.errenteria.eus/agenda/ekitaldia/labyrinthus-liburuaren-aurkezpena-svylfh/,Gratis,Doan,,,"<p>Presentaci&oacute;n del libro ""<strong><em>Labyrinthus</em></strong>"" de Karmele Correyero Sosa.&nbsp;</p>",<p>Karmele Correyero Sosa&nbsp;idazlearen<em><strong>&nbsp;Labyrinthus&nbsp;</strong></em>liburuaren aurkezpena egingo da.</p>,Errenteria,Errenteria,43.312752,-1.899633,87,20,Lekuona Fabrika,Lekuona Fabrika,https://errenteria.eus/es/maiatzaren-27an-irekiko-ditu-ateak-lekuona-fabrikak/,https://errenteria.eus/maiatzaren-27an-irekiko-ditu-ateak-lekuona-fabrikak/,Lekuona Fabrika,Lekuona Fabrika,"[{'imageId': '1136328', 'imageFileName': '71.jpg', 'imageUrl': 'https://opendata.euskadi.eus/contenidos/evento/2026042713553555/es_def/images/71.jpg'}]",[],,,,,,No informado,No informado,No informado,No informado,2026-06-09 20:23:41.775995,No informado
2026042905073133,15,Otro,Bestelakoa,Arte vasco en los siglos XX y XX,Arte vasco en los siglos XX y XXI,2026-06-09T00:00:00Z,2026-06-09T00:00:00Z,2026-04-29T05:07:41Z,ES,11:00 + 17:00,11:00 + 17:00,Donostia Kultura,Donostia Kultura,https://www.santelmomuseoa.eus/index.php?option=com_flexicontent&view=items&id=136&Itemid=8&lang=es&ide=38837,https://www.santelmomuseoa.eus/index.php?option=com_flexicontent&view=items&id=5128&Itemid=8&lang=eu&ide=38836,,,https://www.donostia.eus/DonostiaKultura/STMsalmenta/muslinkIV/index.jsp?lang=2&nom_cache=STELMO&property=STELMO&codiActiv=2603,https://www.donostia.eus/DonostiaKultura/STMsalmenta/muslinkIV/index.jsp?lang=1&nom_cache=STELMO&property=STELMO&codiActiv=2603,"<p>Visita guiada dirigida a <strong>mayores de 55 años</strong>, en este caso, al área de la exposición permanente donde se aborda el arte vasco de los siglos XX y XXI.</p> <p>Las visitas guiadas del programa +55 se articulan a través de seis itinerarios temáticos que se van sucediendo hasta conocer la exposición completa. En la <a href=""https://www.santelmomuseoa.eus/index.php?option=com_flexicontent&amp;view=items&amp;id=10296&amp;idc=66&amp;Itemid=271&amp;lang=es"">sección de visitas guiadas</a> del museo encontrarás las siguientes incluidas en este programa (además de otras visitas guiadas).</p> <div class=""bloque-destacado""> <p class=""bloque-destacado__titulo""><strong>Nota</strong></p> <p class=""mb-0"">Si el aforo está completo, se recomienda consultarlo más adelante, dado que hasta el último momento se pueden librar plazas.</p> </div>","<p><strong>55 urtetik gorakoentzako</strong> bisita gidatua museoko erakusketa iraunkorreko euskal arte ederretako aretoetara. Bertan XX. eta XXI. mendeen arteko hainbat margolari eta eskultore ezagutuko dira.</p> <p>+55 Kultur Gidak programako bisita gidatuak sei ibilbide ezberdinetan antolatuta daude, erakusketa iraunkor osoa ezagutzeko txandakatzen direnak. <a href=""https://www.santelmomuseoa.eus/index.php?option=com_flexicontent&amp;view=items&amp;id=10298&amp;idc=66&amp;Itemid=271&amp;lang=eu"">Bisita gidatuen atalean</a> aurkituko dituzu programa honen barruan dauden hurrengo bisitak (beste hainbaten artean).</p> <div class=""bloque-destacado""> <p class=""bloque-destacado__titulo""><strong>Oharra</strong></p> <p class=""mb-0"">Edukiera beteta baldin badago gomendatzen da aurrerago berriz kontsultatzea, izan ere, azken unera arte lekuak libratu daitezke.</p> </div>",Donostia / San Sebastián,Donostia / San Sebastián,43.320725,-1.984449,82,20,,,https://www.donostiakultura.eus/agenda/euskal-artea-ek-9,https://www.donostiakultura.eus/agenda/euskal-artea-ek-9,https://www.donostiakultura.eus/agenda/euskal-artea-ek-9,https://www.donostiakultura.eus/agenda/euskal-artea-ek-9,[],[],San Telmo Museoa,San Telmo Museoa,0,,,No informado,No informado,No informado,No informado,2026-06-09 20:23:41.286758,No informado
2026050418194573,13,Festival,Jaialdia,Muestra de teatro aficionado 2026 en Galdakao,Galdakaoko Antzerki afizionatuaren erakustaldia 2026,2026-05-26T00:00:00Z,2026-06-09T00:00:00Z,2026-05-19T08:36:45Z,,19:30,19:30,galdakao.eus,galdakao.eus,https://www.galdakao.eus/ampliar/la-26-muestra-de-teatro-aficionado-de-galdakao-reunira-a-cinco-companias-en-torrezabal-kultur-etxea-entre-el-26-de-mayo-y-el-9-de-junio/2001135/12119$2000704$C,https://www.galdakao.eus/gehiago/la-26-muestra-de-teatro-aficionado-de-galdakao-reunira-a-cinco-companias-en-torrezabal-kultur-etxea-entre-el-26-de-mayo-y-el-9-de-junio/2001135/12119$2000704$C,3 €,3 €,https://www.galdakao.eus/agenda/,https://www.galdakao.eus/agenda/,"<p><span>La <strong>Muestra de Teatro Aficionado de Galdakao</strong> celebra este a&ntilde;o su <strong>26&ordf; edici&oacute;n</strong> en <span>Torrezabal Kultur Etxea</span>. Un a&ntilde;o m&aacute;s, el teatro amateur ser&aacute; el eje de esta programaci&oacute;n: personas que dedican su tiempo libre a crear y mostrar en escena historias de todo tipo, con perfiles muy diversos. Las actuaciones ser&aacute;n los <span>martes y jueves, <strong>entre el 26 de mayo y el 9 de junio, a las 19:30</strong></span>.&nbsp;</span></p>
<p><span>La programaci&oacute;n combina grupos locales con compa&ntilde;&iacute;as invitadas que, de una u otra forma, mantienen v&iacute;nculo con el tejido teatral del municipio. En concreto, <span>Kamerino Teatro, Compa&ntilde;&iacute;a Luna Llena, Aztiak, Antzerki Talde Feminista y CEPA Galdarra</span> expondr&aacute;n sus trabajos en el escenario galdakoztarra. &nbsp;</span></p>
<p><span>Algunas y algunos de los integrantes cuentan con una<span> trayectoria cercana al &aacute;mbito profesional</span>, mientras que otras personas hacen huecos en su d&iacute;a a d&iacute;a para vivir otras vidas sobre el escenario. Todas ellas forman parte de un trabajo colectivo, comunitario y, en muchas ocasiones, impulsado por mujeres.</span></p>
<h3 class=""largo""><strong>Programa solidario</strong></h3>
<p><span><strong>El precio de las entradas es de 3 euros</strong>, tanto para socias y socios como para quienes no lo sean, y las entradas est&aacute;n disponibles en el <span>cajero de Torrezabal Kultur Etxea</span> y </span><a href=""https://www.galdakao.eus/agenda_cas/"" target=""_blank""><span>en la web del Ayuntamiento</span></a><span>. Adem&aacute;s, se podr&aacute;n adquirir <span>en taquilla desde una hora antes </span>del comienzo de cada funci&oacute;n.&nbsp;</span></p>
<p><span>Como es habitual, toda la <span>recaudaci&oacute;n de las entradas est&aacute; destinada a fines ben&eacute;ficos</span>, y para quienes no puedan asistir pero quieran colaborar, estar&aacute; disponible la </span><a href=""https://galdakao.sacatuentrada.es/es/entradas/fila-0-2026-"" target=""_blank""><span>&lsquo;fila 0&rsquo; como aportaci&oacute;n simb&oacute;lica</span></a><span>.&nbsp;</span></p>
<p><span>En esta 26&ordf; edici&oacute;n, la recaudaci&oacute;n se destinar&aacute; al <span>barco de rescate Aita Mari</span>, proyecto de salvamento humanitario impulsado por la organizaci&oacute;n <span>Salvamento Mar&iacute;timo Humanitario</span>. Esta entidad trabaja desde 2015 en la <span>asistencia y rescate de personas migrantes y refugiadas en el Mediterr&aacute;neo central</span>, adem&aacute;s de desarrollar proyectos de cooperaci&oacute;n, atenci&oacute;n humanitaria, sensibilizaci&oacute;n y defensa de los derechos humanos.</span></p>
<h3 class=""largo""><strong>Programa</strong></h3>
<p><strong>Martes, 26 de mayo</strong></p>
<ul class='lista'>
<li>Kamerino Teatro: <a href=""https://www.kulturklik.euskadi.eus/evento/2026/05/26/muestra-de-teatro-aficionado-2026-en-galdakao-aqui-no-paga-nadie-/webkklik00-detalle/es/"" target=""_blank""><strong><em>Aqu&iacute; no paga nadie</em></strong></a></li>
</ul>
<p><strong>Jueves, 28 de mayo</strong></p>
<ul class='lista'>
<li>Compa&ntilde;&iacute;a Luna Llena:<strong> <a href=""https://www.kulturklik.euskadi.eus/evento/2026/05/28/muestra-de-teatro-aficionado-2026-en-galdakao-porque-me-oprime-el-corse-/webkklik00-detalle/es/"" target=""_blank""><em>Porque me oprime el cors&eacute;</em></a></strong></li>
</ul>
<p><strong>Martes, 2 de junio</strong></p>
<ul class='lista'>
<li>Aztiak: <a href=""https://www.kulturklik.euskadi.eus/evento/2026/06/02/muestra-de-teatro-aficionado-2026-en-galdakao-bendito-silencio-/webkklik00-detalle/es/"" target=""_blank""><strong><em>Bendito silencio</em></strong></a></li>
</ul>
<p><strong>Jueves, 4 de junio</strong></p>
<ul class='lista'>
<li>Antzerki Talde Feminista:<a href=""https://www.kulturklik.euskadi.eus/evento/2026/06/04/muestra-de-teatro-aficionado-2026-en-galdakao-con-permiso-nosotras-/webkklik00-detalle/es/"" target=""_blank""><strong> <em>Con permiso, nosotras</em></strong></a></li>
</ul>
<p><strong>Martes, 9 de junio</strong></p>
<ul class='lista'>
<li><span><span>CEPA Galdarra</span>:<a href=""https://www.kulturklik.euskadi.eus/evento/2026/06/09/muestra-de-teatro-aficionado-2026-en-galdakao-yo-decido-yo-elijo-/webkklik00-detalle/es/"" target=""_blank""><strong> <em>Yo decido, yo elijo - Nik erabakitzen dut, nik aukeratzen dut</em></strong></a></span></li>
</ul>","<p><span><strong>Galdakaoko Antzerki Afizionatuaren Erakustaldiaren 26. edizioa </strong>izango da aurten <span>Torrezabal Kultur Etxean</span>. Beste urte batez, antzerki ez profesionala izango da programazioaren ardatza: askotariko profilak dituzten pertsonak, beren aisialdia istorio desberdinak sortu eta oholtza gainean erakusteko erabiltzen dutenak. Emanaldiak <span>astearte eta ostegunetan</span> izango dira,<strong> maiatzaren 26tik ekainaren 9ra bitartean, 19:30ean</strong>.</span></p>
<p><span>Programazioak bertoko taldeak eta modu batera edo bestera herriko antzerki sarearekin lotura duten konpainia gonbidatuak uztartzen ditu. Hain zuzen, <span>Kamerino Teatro, Compa&ntilde;&iacute;a Luna Llena, Aztiak, Antzerki Talde Feminista eta CEPA Galdarra</span> taldeek euren lanak aurkeztuko dituzte Galdakaoko agertokian.</span></p>
<p><span>Horietako zenbait kidek <span>ibilbide ia profesionala</span> dute antzerkigintzan; beste askok, aldiz, egunerokoan dituzten ordu solte apurrak oholtza gainean beste bizitza batzuk bizitzeko aprobetxatzen dituzte. Guztiek, ordea, <span>lan kolektibo, komunitario eta askotan emakumeek bultzatutako</span> baten parte dira.</span></p>
<h3 class=""largo""><strong>Programa solidarioa</strong></h3>
<p><span><strong>Sarreren prezioa 3 eurokoa da</strong>, bazkide zein bazkide ez direnentzat, eta <span>Torrezabal Kultur Etxeko txarteldegian</span> eta</span><span> <a href=""https://www.galdakao.eus/agenda/"" target=""_blank"">Udalaren webgunean</a></span><span> erosi ahal izango dira. Horrez gain, emanaldi bakoitza hasi baino <span>ordubete lehenagotik leihatilan</span> ere erosi ahal izango dira.&nbsp;</span></p>
<p><span>Ohi den bezala, <span>sarrerekin biltzen den diru guztia ongintzarako</span> erabiliko da, eta emanaldietara joan ezin baina lagundu nahi dutenentzat, </span><a href=""https://galdakao.sacatuentrada.es/eu/entradas/fila-0-2026-"" target=""_blank""><span>&lsquo;0. Ilara&rsquo; egongo da ekarpen sinboliko</span></a><span>a egiteko aukera gisa.&nbsp;</span></p>
<p><span>26. edizio honetan, bildutako dirua <span>Aita Mari salbamendu ontziari</span> emango zaio,<span> Itsas Salbamendu Humanitarioa</span> elkarteak sustatutako itsas salbamenduko proiektua. Erakundeak 2015etik egiten du lan <span>Mediterraneo erdialdean migratzaile eta errefuxiatuei laguntza </span>eta erreskatea ematen, eta, aldi berean, <span>lankidetza proiektuak, arreta humanitarioko ekimenak, sentsibilizazio jarduerak eta giza eskubideen aldeko lana</span> egiten ditu.</span></p>
<h3 class=""largo""><strong>Egitaraua</strong></h3>
<p><strong>Maiatzak 26, asteartea</strong></p>
<ul class='lista'>
<li><span><span>Kamerino Teatro</span>: <a href=""https://www.kulturklik.euskadi.eus/ekitaldia/2026/05/26/galdakaoko-antzerki-afizionatuaren-erakustaldia-2026-aqui-no-paga-nadie-/webkklik00-detalle/eu/"" target=""_blank""><strong><em>Aqu&iacute; no paga nadie</em></strong></a></span></li>
</ul>
<p><strong>Maiatzak 28, osteguna</strong></p>
<ul class='lista'>
<li>Compa&ntilde;&iacute;a Luna Llena: <a href=""https://www.kulturklik.euskadi.eus/ekitaldia/2026/05/28/galdakaoko-antzerki-afizionatuaren-erakustaldia-2026-porque-me-oprime-el-corse-/webkklik00-detalle/eu/"" target=""_blank""><strong><em>Porque me oprime el cors&eacute;</em></strong></a></li>
</ul>
<p><strong>Ekainak 2, asteartea</strong></p>
<ul class='lista'>
<li>Aztiak: <a href=""https://www.kulturklik.euskadi.eus/ekitaldia/2026/06/02/galdakaoko-antzerki-afizionatuaren-erakustaldia-2026-bendito-silencio-/webkklik00-detalle/eu/"" target=""_blank""><strong><em>Bendito silencio</em></strong></a></li>
</ul>
<p><strong>Ekainak 4, osteguna</strong></p>
<ul class='lista'>
<li>Antzerki Talde Feminista: <a href=""https://www.kulturklik.euskadi.eus/ekitaldia/2026/06/04/galdakaoko-antzerki-afizionatuaren-erakustaldia-2026-con-permiso-nosotras-/webkklik00-detalle/eu/"" target=""_blank""><strong><em>Con permiso, nosotras</em></strong></a></li>
</ul>
<p><strong>Ekainak 9, asteartea</strong></p>
<ul class='lista'>
<li><span><span>EPA Galdarra</span>: <a href=""https://www.kulturklik.euskadi.eus/ekitaldia/2026/06/09/galdakaoko-antzerki-afizionatuaren-erakustaldia-2026-yo-decido-yo-elijo-/webkklik00-detalle/eu/"" target=""_blank""><strong><em>Yo decido, yo elijo - Nik erabakitzen dut, nik aukeratzen dut</em></strong></a></span></li>
</ul>",Galdakao,Galdakao,43.221425,-2.813527,183,48,Torrezabal Kultur Etxea,Torrezabal Kultur Etxea,http://www.galdakao.net,http://www.galdakao.net,Torrezabal Kultur Etxea,Torrezabal Kultur Etxea,"[{'imageId': '1143940', 'imageFileName': '4.jpg', 'imageUrl': 'https://opendata.euskadi.eus/contenidos/evento/2026050418194573/es_def/images/4.jpg'}]",[],,,,,,No informado,No informado,No informado,No informado,2026-06-09 20:23:42.285316,No informado
2026050512573343,3,Exposición,Erakusketa,"""SYMPHONY. UN VIAJE AL CORAZÓN DE LA MÚSICA CLÁSICA""","""SYMPHONY. MUSIKA KLASIKOAREN BIHOTZERAKO BIDAIA""",2026-05-05T00:00:00Z,2026-06-09T00:00:00Z,2026-05-05T13:39:01Z,VI,"De lunes a viernes 12:00-14:00 + 15:30-21:00 / Sábados, domingos y festivos 10:30-15:00 + 16:30-21:00","Astelehenetik ostiralera 12:00-14:00 + 15:30-21:00 / Larunbatka, igandeak eta jaiegunak 10:30-15:00 + 16:30-21:00",,,,,Gratis,Doan,,,"<p>Esta exposici&oacute;n ofrece al espectador vivir y sentir la m&uacute;sica cl&aacute;sica como nunca antes la ha experimentado gracias a la tecnolog&iacute;a VR: sinti&eacute;ndose como un m&uacute;sico m&aacute;s dentro de una orquesta.</p>
<p>El espectador tendr&aacute; la oportunidad de entender, a trav&eacute;s de la imagen y de la m&uacute;sica, c&oacute;mo desde la simplicidad de un trozo de madera o la rudeza de un pedazo de metal se construye un universo tan sofisticado y bello como es la orquesta sinf&oacute;nica.<br />Entrar al interior de un instrumento o viajar al alma de la m&uacute;sica ser&aacute;n algunas de las posibilidades que Symphony ofrece de la mano del gran director de orquesta Gustavo Dudamel y de los m&aacute;s de 100 m&uacute;sicos integrantes de la prestigiosa Mahler Chamber Orchestra.</p>
<p>Se trata de un viaje guiado y protagonizado por las composiciones de L.V. Beethoven, G. Mahler y L. Bernstein.<br />Es una experiencia pedag&oacute;gica, cultural y l&uacute;dica cuyo contenido est&aacute; pensado para todos los p&uacute;blicos a partir de 8 a&ntilde;os.<br />Se trata de una experiencia de realidad virtual que no incluye ni interactividad ni movimiento f&iacute;sico por parte del usuario ya que el principal objetivo es fomentar la escucha de la m&uacute;sica</p>
<p>Sin embargo, debido a la propia tecnolog&iacute;a VR, y a modo de recomendaci&oacute;n, existen restricciones de uso para ciertas personas por motivos de salud (menores de 8 a&ntilde;os, mujeres embarazadas, personas con epilepsia o con v&eacute;rtigos, etc...).</p>
<ul class='lista'>
<li><a href=""https://caixaforum.org/es/otrasubicaciones/euskadi/p/symphony-barakaldo"" target=""_blank"">https://caixaforum.org/es/otrasubicaciones/euskadi/p/symphony-barakaldo</a>&nbsp;</li>
</ul>","<p>Erakusketa honen bidez, ikusleek inoiz ez bezala bizi eta sentituko dute musika klasikoa, EB teknologiari esker: orkestra barruan jotzen ari den musikari sentituko dira.</p>
<p>Irudien eta musikaren bitartez, ikusleek ulertu ahal izango dute nola, egur puska baten soiltasunean edo metal zati baten laztasunean oinarrituta, unibertso sofistikatu eta eder bat sor daitekeen; hots, orkestra sinfonikoa.<br />Instrumentuen barrenak ikustea eta musikaren arimara bidaiatzea dira Symphony-k eskaintzen dituen aukeretako batzuk, Gustavo Dudamel zuzendari handiaren eta Mahler Chamber Orchestra entzutetsua osatzen duten 100 musikari baino gehiagoen eskutik.<br />L. V. Beethoven, G. Mahler eta L. Bernstein musikagileen lanak izango dira bidaia horren protagonistak, eta haiek izango ditu gidari.<br />Esperientzia pedagogiko, kultural eta ludikoa da, eta haren edukia 8 urtetik gorako pertsonentzat dago pentsatuta.<br />Errealitate birtualeko esperientzia da, eta erabiltzaileak ez du ezerekin interakzioan jardun beharko, ezta mugitu ere; izan ere, helburu nagusia musika entzutea da.<br />Nolanahi ere, EB teknologiari dagokionez, gomendio gisa, pertsona batzuek erabilera-murriztapenak dituzte, haien osasuna babesteko (8 urtetik beherako haurrak, emakume haurdunak, epilepsia edo bertigoa duten pertsonak, etab.)</p>
<ul class='lista'>
<li><a href=""https://caixaforum.org/es/otrasubicaciones/euskadi/p/symphony-barakaldo"" target=""_blank"">https://caixaforum.org/es/otrasubicaciones/euskadi/p/symphony-barakaldo</a>&nbsp;</li>
</ul>",Barakaldo,Barakaldo,43.296826,-2.985259,159,48,,,,,,,"[{'imageId': '1138948', 'imageFileName': '65.jpg', 'imageUrl': 'https://opendata.euskadi.eus/contenidos/evento/2026050512573343/es_def/images/65.jpg'}, {'imageId': '1138949', 'imageFileName': '66.jpg', 'imageUrl': 'https://opendata.euskadi.eus/contenidos/evento/2026050512573343/es_def/images/66.jpg'}]",[],Herriko Plaza,Herriko Plaza,,,,No informado,No informado,No informado,No informado,2026-06-09 20:23:42.795117,No informado
2026050612415706,2,Teatro,Antzerkia,"Ciclo Musical 2026: ""Grita Fuerte, el musical"" + ""Dinos Lo Que Pasa Aquí, el musical""","Musikal Zikloa 2026: ""Grita Fuerte, el musical"" + ""Dinos Lo Que Pasa Aquí, el musical""",2026-06-09T00:00:00Z,2026-06-09T00:00:00Z,2026-05-06T12:42:09Z,ES,18:00 + 19:30,18:00 + 19:30,arkabia.eus,arkabia.eus,https://arkabia.eus/evento/ciclo-de-musicales/,https://arkabia.eus/eu/evento/ciclo-de-musicales/,4 €,4 €,https://arkabia.eus/evento/ciclo-de-musicales/,https://arkabia.eus/eu/evento/ciclo-de-musicales/,"<p>Dentro del <a href=""https://www.kulturklik.euskadi.eus/evento/2026/06/08/ciclo-de-musicales-2026-en-arkabia/webkklik00-detalle/es/"" target=""_blank""><strong>Ciclo Musical 2026</strong></a> del centro Arkabia.</p>
<ul class=""lista"">
<li><em><strong>Grita Fuerte, el musical</strong></em></li>
</ul>
<p><span>El d&iacute;a a d&iacute;a de un colegio puede resultar agotador y a la vez apasionante. Alumnado, profesorado y familias en busca de la mejor convivencia posible, que no siempre es f&aacute;cil. Tratar&aacute;n de convertir las ganas de gritar en una gran oportunidad.</span></p>
<ul class='lista'>
<li><strong><em>Dinos Lo Que Pasa Aqu&iacute;, el musical</em></strong></li>
</ul>
<p>&iquest;Qu&eacute; hacer cuando una noticia irrumpe en tu vida? Todo parece normal en la escuela de circo, chicos y chicas disfrutando y practicando, hasta que un giro inesperado har&aacute; que los detectives inunden la escuela con preguntas.</p>
<p>&nbsp;</p>","<p>Arkabia zentroko<strong> <a href=""https://www.kulturklik.euskadi.eus/ekitaldia/2026/06/08/arkabiako-musikal-zikloa-2026/webkklik00-detalle/eu/"" target=""_blank"">2026ko Musikal Zikloa</a></strong>ren barne.</p>
<ul class=""lista"">
<li><em><strong>Grita Fuerte, el musical</strong></em></li>
</ul>
<p><span>Ikastetxe baten egunerokotasuna nekagarria eta, aldi berean, zirraragarria izan daiteke. Ikasleak, irakasleak eta familiak elkarbizitza onenaren bila dabiltzate, nahiz eta hori lortzea beti erraza ez izan. Oihukatzeko gogo hori aukera bikain bihurtzen saiatuko dira.</span></p>
<ul class='lista'>
<li><strong><em>Dinos Lo Que Pasa Aqu&iacute;, el musical</em></strong></li>
</ul>
<p><span>Zer egin albiste batek zure bizitza ustekabean harrapatzen duenean? Zirku-eskola honetan dena normala dela dirudi: mutilak eta neskak gozatzen eta praktikatzen&hellip; Baina ezusteko bira baten ondorioz, detektibeek eskola galderaz beteko dute.</span></p>",Vitoria-Gasteiz,Vitoria-Gasteiz,42.846718,-2.671635,46,1,Arkabia,Arkabia,https://arkabia.eus/,https://arkabia.eus/,Arkabia,Arkabia,"[{'imageId': '1139560', 'imageFileName': '50.jpg', 'imageUrl': 'https://opendata.euskadi.eus/contenidos/evento/2026050612415706/es_def/images/50.jpg'}, {'imageId': '1139561', 'imageFileName': '51.jpg', 'imageUrl': 'https://opendata.euskadi.eus/contenidos/evento/2026050612415706/es_def/images/51.jpg'}]",[],,,,,,No informado,No informado,No informado,No informado,2026-06-09 20:23:43.336454,No informado
2026051205010263,1,Concierto,Kontzertua,Xaramela,Xaramela,2026-06-09T00:00:00Z,2026-06-09T00:00:00Z,2026-05-12T05:01:14Z,EU,21:00,21:00,EKE,EKE,https://www.eke.eus/eu/agenda/xaramela-15,https://www.eke.eus/eu/agenda/xaramela-15,,,,,,,Saint-Jean-Pied-de-Port,Donibane Garazi,43.1637466,-1.2369923,594,-3,,,,,,,[],[],,,0,,,No informado,No informado,No informado,No informado,2026-06-09 20:23:43.867541,No informado
2026051213275125,1,Concierto,Kontzertua,MusikAuzo 2026: MI BUENAVENTURA,MusikAuzo 2026: MI BUENAVENTURA,2026-06-09T00:00:00Z,2026-06-09T00:00:00Z,2026-05-12T13:28:07Z,,19:00,19:00,bilbao.eus,bilbao.eus,https://www.bilbao.eus/cs/Satellite?c=BIO_Noticia_FA&cid=1279248181309&language=es&pageid=3000075248&pagename=Bilbaonet/BIO_Noticia_FA/BIO_Noticia,https://www.bilbao.eus/cs/Satellite?c=BIO_Noticia_FA&cid=1279248181309&language=eu&pageid=3000075248&pagename=Bilbaonet/BIO_Noticia_FA/BIO_Noticia,Gratis,Doan,,,"<p>Dentro de festival&nbsp;<a href=""https://www.kulturklik.euskadi.eus/evento/2026/05/16/programa-musikauzo-2026/webkklik00-detalle/es/"" target=""_blank""><strong>MusikAuzo 2026</strong></a>.</p>
<p><span>Banda colombo-bilba&iacute;na que fusiona cumbia y salsa con psicodelia y sonidos futuristas. Su propuesta vibrante invita al baile con letras directas y conjuradas que narran vivencias propias y apropiadas.</span></p>","<p><a href=""https://www.kulturklik.euskadi.eus/ekitaldia/2026/05/16/musikauzo-2026-egitaraua/webkklik00-detalle/eu/"" target=""_blank""><strong>2026ko&nbsp;MusikAuzo</strong></a> jaialdiaren barne.</p>
<p><span>Kolonbia eta Bilbo arteko banda, cumbia eta saltsa psikodeliarekin eta soinu futuristekin fusionatzen dituena. Bere proposamen sutsuak dantza egitera gonbidatzen du, bizipen propioak eta beste batzuen bizipenak kontatzen dituzten letra zuzen eta konjuratuekin.</span></p>",Bilbao,Bilbao,43.256963,-2.923441,167,48,Parque de Casilda Iturrizar,Casilda Iturrizar Parkea,,,Parque de Casilda Iturrizar,Casilda Iturrizar Parkea,"[{'imageId': '1141700', 'imageFileName': '57.jpg', 'imageUrl': 'https://opendata.euskadi.eus/contenidos/evento/2026051213275125/es_def/images/57.jpg'}]",[],,,,,,No informado,No informado,No informado,No informado,2026-06-09 20:23:40.794320,No informado
2026051305041260,2,Teatro,Antzerkia,"Muestra de Teatro Joven 2026 de Donostia: ""Lapur-zuloa""","Donostiako Gazteen Antzerki Topaketa 2026: ""Lapur-zuloa""",2026-06-09T00:00:00Z,2026-06-09T00:00:00Z,2026-05-13T11:00:34Z,EU,19:00,19:00,Donostia Kultura,Donostia Kultura,https://www.donostiakultura.eus/es/agenda/lapur-zuloa,https://www.donostiakultura.eus/eu/agenda/lapur-zuloa-gat,3 €,3 €,https://tickets.donostiakultura.eus/selection/event/date?productId=10229777405114&amp;lang=es,https://tickets.donostiakultura.eus/selection/event/date?productId=10229777405114&amp;lang=eu,"<p>Dentro de la&nbsp;<a href=""https://www.kulturklik.euskadi.eus/evento/2026/05/20/programa-muestra-de-teatro-joven-2026-de-donostia-san-sebastian/webkklik00-detalle/es/"" target=""_blank""><strong>Muestra de Teatro Joven 2026 de Donostia/San Sebasti&aacute;n</strong></a>.</p>
<p><em>Lapur-zuloa</em> es una comedia negra escrita por Stephen Adly Guirgis que narra la historia de un robo planeado de forma penosa. Los integrantes de la banda que pretende llevar a cabo la acci&oacute;n son un grupo de personas cargadas de problemas que, al querer dinero, han unido sus fuerzas para llevar a cabo el robo. Pero han cometido un grave error porque el dinero es de la mafia.</p>
<p><strong>Ficha art&iacute;stica:</strong></p>
<ul class='lista'>
<li>Autor: <strong>Stephen Adly Guirgis</strong></li>
<li>Direcci&oacute;n: <strong>Sara C&oacute;zar</strong></li>
<li>Reparto: <strong>Udane Agirre Amorenea, Kaiet Albizu Aizpurua, Maddi Leibar Blasco, June Calvo Perez, Anne Lasa Oses, Garazi Balda Etxeberria, Ane Pe&ntilde;a Garcia, Nora Susperregi Bernal</strong></li>
</ul>","<p><a href=""https://www.kulturklik.euskadi.eus/ekitaldia/2026/05/20/donostiako-gazteen-antzerki-topaketa-2026-egitaraua/webkklik00-detalle/eu/"" target=""_blank""><strong>2026ko Donostiako Gazteen Antzerki Topaketa</strong></a>ren barne.</p>
<p>Stephen Adly Guirgisek idatzitako komedia beltza da <em>Lapur-zuloa</em> eta modu penagarrian planteatutako lapurreta baten istorioa kontatzen du. Ekintza burutu nahi duen bandako kideek arazoz betetako pertsona talde bat dira, eta dirua nahi dutenez, indarrak batu dituzte lapurreta burutzeko. Baina hutsegite larria egin dute dirua mafiarena baita.</p>
<p><strong>Fitxa artistikoa:</strong></p>
<ul class='lista'>
<li>Egilea:<strong> Stephen Adly Guirgis</strong></li>
<li>Zuzendaritza: <strong>Sara C&oacute;zar</strong></li>
<li>Antzezleak: <strong>Udane Agirre Amorenea, Kaiet Albizu Aizpurua, Maddi Leibar Blasco, June Calvo Perez, Anne Lasa Oses, Garazi Balda Etxeberria, Ane Pe&ntilde;a Garcia, Nora Susperregi Bernal</strong></li>
</ul>",Donostia / San Sebastián,Donostia / San Sebastián,43.320725,-1.984449,82,20,Teatro Principal de Donostia (Antzoki Zaharra),Donostiako Principal Antzokia (Antzoki Zaharra),https://www.donostiakultura.eus/es/visitanos/teatros-salas/teatro-principal,https://www.donostiakultura.eus/eu/bisita-gaitzazu/antzokiak-aretoak/antzoki-zaharra,Teatro Principal de Donostia (Antzoki Zaharra),Donostiako Principal Antzokia (Antzoki Zaharra),"[{'imageId': '1141969', 'imageFileName': '11.jpg', 'imageUrl': 'https://opendata.euskadi.eus/contenidos/evento/2026051305041260/es_def/images/11.jpg'}]",[],,,,Taupadak Binahi Antzerki Taldea,Taupadak Binahi Antzerki Taldea,No informado,No informado,No informado,No informado,2026-06-09 20:23:41.286758,No informado
2026051413172315,2,Teatro,Antzerkia,"Muestra de teatro aficionado 2026 en Galdakao: ""Yo decido, yo elijo""","Galdakaoko Antzerki afizionatuaren erakustaldia 2026: ""Nik erabakitze dut, nik aukeratzen dut""",2026-06-09T00:00:00Z,2026-06-09T00:00:00Z,2026-05-19T08:49:20Z,,19:30,19:30,galdakao.sacatuentrada.es,galdakao.sacatuentrada.es,https://galdakao.sacatuentrada.es/es/productos/descripcion/yo-decido-yo-elijo-nik-erabakitzen-dut-nik-aukeratzen-dut,https://galdakao.sacatuentrada.es/eu/productos/descripcion/yo-decido-yo-elijo-nik-erabakitzen-dut-nik-aukeratzen-dut,3 €,3 €,https://www.galdakao.eus/agenda-cultural/2000651/13408/Home,https://www.galdakao.eus/kultur-agenda/2000651/13408/Home,"<p>Dentro de la <a href=""https://www.kulturklik.euskadi.eus/evento/2026/06/09/muestra-de-teatro-aficionado-2026-en-galdakao/webkklik00-detalle/es/"" target=""_blank""><strong>Muestra de teatro aficionado 2026 en Galdakao</strong></a>.</p>
<p>Escrita por participantes del grupo.</p>
<p><span>Una cafeter&iacute;a donde sus clientas se adaptan a las nuevas tecnolog&iacute;as y practican la sororidad para hacer sus vidas m&aacute;s llevaderas.</span></p>
<p><strong>Ficha art&iacute;stica:</strong></p>
<ul class=""lista"">
<li><span>Int&eacute;rpretes: Jon Altuna, M&ordf; Carmen &Aacute;lvarez, Josune Linaza, Maribi Altuna, Maritxu Cruz, Mar&iacute;a Mu&ntilde;oz, Piedad Ruiz, M&ordf; Cruz Cuesta, Loli Ruiz, Consuelo Prieto, Nina Parada, Maite Sanmart&iacute;n, M&ordf; Carmen Rodr&iacute;guez Pili Monreal, F&eacute;lix Corrales</span></li>
<li>Direcci&oacute;n: Sandra Tejero</li>
</ul>","<p><a href=""https://www.kulturklik.euskadi.eus/ekitaldia/2026/06/09/galdakaoko-antzerki-afizionatuaren-erakustaldia-2026/webkklik00-detalle/eu/"" target=""_blank""><strong>Galdakaoko 2026 Antzerki afizionatuaren erakustaldia</strong></a>ren barne.</p>
<p><span>Taldeko partaideek idatzia.</span></p>
<p><span>Kafetegian, bezeroak teknologia berrietara egokitzen dira eta sororitatea praktikatzen dute beren bizitza eramangarriagoa egiteko.</span></p>
<p><strong>Fitxa artistikoa:</strong></p>
<ul class=""lista"">
<li><span>Antzezleak: Jon Altuna, M&ordf; Carmen &Aacute;lvarez, Josune Linaza, Maribi Altuna, Maritxu Cruz, Mar&iacute;a Mu&ntilde;oz, Piedad Ruiz, M&ordf; Cruz Cuesta, Loli Ruiz, Consuelo Prieto, Nina Parada, Maite Sanmart&iacute;n, M&ordf; Carmen Rodr&iacute;guez Pili Monreal, F&eacute;lix Corrales</span></li>
<li>Zuzendaritza: Sandra Tejero</li>
</ul>",Galdakao,Galdakao,43.221425,-2.813527,183,48,Torrezabal Kultur Etxea,Torrezabal Kultur Etxea,http://www.galdakao.net,http://www.galdakao.net,Torrezabal Kultur Etxea,Torrezabal Kultur Etxea,"[{'imageId': '1143962', 'imageFileName': '8.jpg', 'imageUrl': 'https://opendata.euskadi.eus/contenidos/evento/2026051413172315/es_def/images/8.jpg'}]",[],,,,Antzerki talde feminista,Antzerki talde feminista,No informado,No informado,No informado,No informado,2026-06-09 20:23:42.285316,No informado
2026051905040260,6,Conferencia,Hitzaldia,"""El Rincón de la Poesía""","""El Rincón de la Poesía""",2026-06-09T00:00:00Z,2026-06-09T00:00:00Z,2026-05-19T09:26:34Z,ES,17:00,17:00,Donostia Kultura,Donostia Kultura,https://www.donostiakultura.eus/es/agenda/junio-rincon-poesia,https://www.donostiakultura.eus/eu/agenda/ekaina-rincon-poesia,Gratis,Doan,,,<p>Para quien quiera expresarse libremente a trav&eacute;s de la poes&iacute;a y no haya tenido la oportunidad de hacerlo y para quien quiera escuchar.</p>,"<p>Poesiaren bidez askatasunez hitz egin nahi eta horretarako aukerarik izan ez duenarentzat, baita entzun nahi duenarentzat ere.</p>",Donostia / San Sebastián,Donostia / San Sebastián,43.320725,-1.984449,82,20,Centro Cultural Intxaurrondo,Intxaurrondo Kultur Etxea,https://www.donostiakultura.eus/index.php?option=com_flexicontent&view=items&cid=77&id=344&Itemid=292&lang=es,https://www.donostiakultura.eus/index.php?option=com_flexicontent&view=items&cid=77&id=1052&Itemid=292&lang=eu,Centro Cultural Intxaurrondo,Intxaurrondo Kultur Etxea,"[{'imageId': '1144016', 'imageFileName': 'Poesia.jpg', 'imageUrl': 'https://opendata.euskadi.eus/contenidos/evento/2026051905040260/es_def/images/Poesia.jpg'}]",[],,,,,,No informado,No informado,No informado,No informado,2026-06-09 20:23:41.286758,No informado
2026051905041053,6,Conferencia,Hitzaldia,"Tetulias literarias: ""Bajo los árboles, donde nadie te ve"" (Patrick Horvath)","Literatur solasaldiak: ""Bajo los árboles, donde nadie te ve"" (Patrick Horvath)",2026-06-09T00:00:00Z,2026-06-09T00:00:00Z,2026-05-19T09:10:30Z,ES,19:00,19:00,Donostia Kultura,Donostia Kultura,https://www.donostiakultura.eus/es/agenda/bajo-arboles-horvath,https://www.donostiakultura.eus/eu/agenda/bajo-arboles-patrick-horvath,Gratis,Doan,,,"<p>Tertulia en castellano dirigida por&nbsp;<strong><a href=""https://aunamendi.eusko-ikaskuntza.eus/eu/diaz-de-guerenu-juan-manuel/ar-26661/"">Juan Manuel D&iacute;az de Guere&ntilde;u</a></strong> sobre el c&oacute;mic <a href=""https://www.astiberri.com/products/bajo-los-arboles-donde-nadie-te-ve""><em><strong>Bajo los &aacute;rboles, donde nadie te ve</strong></em></a> (Astiberri, 2025) de <a href=""https://www.astiberri.com/authors/patrick-horvath""><strong>Patrick Horvath</strong></a>.</p>
<p>El libro se encuentra disponible en las <a title=""Se abrir&aacute; en ventana nueva"" href=""https://www.liburubila.euskadi.eus/Record/000001723314?lng=es"" rel=""noopener noreferrer"" target=""_blank"">bibliotecas de Donostia Kultura</a>.</p>","<p><strong><a href=""https://aunamendi.eusko-ikaskuntza.eus/eu/diaz-de-guerenu-juan-manuel/ar-26661/"">Juan Manuel D&iacute;az de Guere&ntilde;u</a></strong>k gaztelaniaz gidatutako solasaldia <a href=""https://www.astiberri.com/authors/patrick-horvath""><strong>Patrick Horvath</strong></a>en <a href=""https://www.astiberri.com/products/bajo-los-arboles-donde-nadie-te-ve""><em><strong>Bajo los &aacute;rboles, donde nadie te ve</strong></em></a> (Astiberri, 2025) komikiari buruzkoa.</p>
<p>Liburua eskuragarri dago <a title=""Leiho berria zabalduko da"" href=""https://www.liburubila.euskadi.eus/Record/000001723314"" rel=""noopener noreferrer"" target=""_blank"">Donostia Kulturako liburutegietan</a>.</p>",Donostia / San Sebastián,Donostia / San Sebastián,43.320725,-1.984449,82,20,Centro Cultural Intxaurrondo,Intxaurrondo Kultur Etxea,https://www.donostiakultura.eus/index.php?option=com_flexicontent&view=items&cid=77&id=344&Itemid=292&lang=es,https://www.donostiakultura.eus/index.php?option=com_flexicontent&view=items&cid=77&id=1052&Itemid=292&lang=eu,Centro Cultural Intxaurrondo,Intxaurrondo Kultur Etxea,"[{'imageId': '1144014', 'imageFileName': '21.jpg', 'imageUrl': 'https://opendata.euskadi.eus/contenidos/evento/2026051905041053/es_def/images/21.jpg'}]",[],,,,,,No informado,No informado,No informado,No informado,2026-06-09 20:23:41.286758,No informado
2026051905041706,1,Concierto,Kontzertua,Escuela Municipal de Música y Danza: Orquestas Joven y Adulta,Udalaren Musika eta Dantza Eskola: Gazteen eta helduen orkestrak,2026-06-09T00:00:00Z,2026-06-09T00:00:00Z,2026-05-19T09:26:15Z,NA,19:00,19:00,Donostia Kultura,Donostia Kultura,https://www.donostiakultura.eus/es/agenda/orquestas-joven-adulta,https://www.donostiakultura.eus/eu/agenda/orkestra-gazte-heldua,Gratis,Doan,,,<p>Actuaci&oacute;n de <strong>orquestas</strong> de la Escuela Municipal de M&uacute;sica y Danza de Donostia formadas por <strong>alumnado joven y adulto</strong>.</p>,<p>Donostiako Udalaren Musika eta Dantza Eskolako <strong>ikasle gazte eta helduek osaturiko orkestren emanaldia</strong>.</p>,Donostia / San Sebastián,Donostia / San Sebastián,43.320725,-1.984449,82,20,Centro Cultural Intxaurrondo,Intxaurrondo Kultur Etxea,https://www.donostiakultura.eus/index.php?option=com_flexicontent&view=items&cid=77&id=344&Itemid=292&lang=es,https://www.donostiakultura.eus/index.php?option=com_flexicontent&view=items&cid=77&id=1052&Itemid=292&lang=eu,Centro Cultural Intxaurrondo,Intxaurrondo Kultur Etxea,"[{'imageId': '1144012', 'imageFileName': '20.jpg', 'imageUrl': 'https://opendata.euskadi.eus/contenidos/evento/2026051905041706/es_def/images/20.jpg'}]",[],,,,,,No informado,No informado,No informado,No informado,2026-06-09 20:23:41.286758,No informado
2026052112173236,1,Concierto,Kontzertua,ABAO Basque Musikaste Festival 2026: Steven Lin,ABAO Basque Musikaste Festival 2026: Steven Lin,2026-06-09T00:00:00Z,2026-06-09T00:00:00Z,2026-06-02T13:57:19Z,NA,20:00,20:00,guggenheim-bilbao.eus,guggenheim-bilbao.eus,https://www.guggenheim-bilbao.eus/actividades/concierto-basque-musikaste,https://www.guggenheim-bilbao.eus/eu/jarduerak/basque-musikaste-kontzertua,Gratis (con invitación),Doan (gonbidapenarekin),https://www.guggenheim-bilbao.eus/actividades/concierto-basque-musikaste,https://www.guggenheim-bilbao.eus/eu/jarduerak/basque-musikaste-kontzertua,"<p>Dentro del festival <a href=""https://www.kulturklik.euskadi.eus/evento/2026/06/03/abao-basque-musikaste-2026/webkklik00-detalle/es/"" target=""_blank""><strong>ABAO Basque Musikaste 2026</strong></a>.</p>
<p>Con este recital en el Museo, el reconocido pianista <strong>Steven Lin</strong> pone el broche de oro al ABAO Basque Musikaste.</p>
<p>Del 3 al 9 de junio, ABAO Bilbao Opera presenta la primera edici&oacute;n del <strong>ABAO Basque Musikaste Festival</strong>, ciclo de recitales y conciertos de c&aacute;mara ejecutados por int&eacute;rpretes internacionales de gran prestigio, como los pianistas Kyohei Sorita y Steven Lin, el violinista Boris Borgolotto y el cuarteto de cuerda Quatuor Arod. Las actuaciones tendr&aacute;n lugar en Vitoria-Gasteiz, Donostia/San Sebasti&aacute;n y Bilbao, celebr&aacute;ndose el cierre del festival en el Atrio del Museo.</p>
<p>Actividad organizada en colaboraci&oacute;n con ABAO Bilbao Opera en el marco del programa TOParte del Museo.</p>","<p><a href=""https://www.kulturklik.euskadi.eus/ekitaldia/2026/06/03/abao-basque-musikaste-2026/webkklik00-detalle/eu/"" target=""_blank""><strong>2026ko ABAO Basque Musikaste</strong></a> jaialdiaren barne.</p>
<p>Museoan egingo den errezitaldi honekin,<strong> Steven Lin</strong> piano-jotzaile ezagunak amaiera bikaina emango dio ABAO Basque Musikasteri.</p>
<p>Ekainaren 3tik 9ra, ABAO Bilbao Opera elkarteak ABAO Basque Musikaste Festival jaialdiaren lehen edizioa aurkeztuko du. Errezitaldi eta ganbera-kontzertuen zikloa da, nazioartean ospe handia duten interpreteen eskutik; hala nola, Kyohei Sorita eta Steven Lin piano-jotzaileak, Boris Borgolotto biolin-jotzailea eta Quatuor Arod hari- laukotea. Emanaldiak Gasteizen, Donostian eta Bilbon izango dira, eta jaialdiaren amaierakoa Museoko Atrioan eskainiko da.</p>
<p>ABAO Bilbao Operarekin elkarlanean antolatutako jarduera, Museoaren TOParte programaren baitan.</p>",Bilbao,Bilbao,43.256963,-2.923441,167,48,Museo Guggenheim Bilbao,Guggenheim Bilbao Museoa,http://www.guggenheim-bilbao.eus/,http://www.guggenheim-bilbao.eus/,Museo Guggenheim Bilbao,Guggenheim Bilbao Museoa,"[{'imageId': '1149189', 'imageFileName': '30.jpg', 'imageUrl': 'https://opendata.euskadi.eus/contenidos/evento/2026052112173236/es_def/images/30.jpg'}]",[],,,,,,No informado,No informado,No informado,No informado,2026-06-09 20:23:40.794320,No informado
2026052114102905,9,Cine y audiovisuales,Zinema eta ikus-entzunezkoak,"Semana de la Música de Aramaio 2026: ""Köln 75""","Aramaioko Musika Astea 2026: ""Köln 75""",2026-06-09T00:00:00Z,2026-06-09T00:00:00Z,2026-05-21T14:10:42Z,ES,19:00,19:00,aramaio.eus,aramaio.eus,https://aramaio.eus/wp-content/uploads/2026/05/Musika-astea-2026-5.jpg,https://aramaio.eus/wp-content/uploads/2026/05/Musika-astea-2026-5.jpg,,,,,"<p>Dentro de la&nbsp;<a href=""https://www.kulturklik.euskadi.eus/evento/2026/05/29/semana-de-la-musica-de-aramaio-2026/webkklik00-detalle/es/"" target=""_blank""><strong>Semana de la M&uacute;sica de Aramaio 2026</strong></a>.&nbsp;</p>
<p><span>La verdadera historia de Vera Brandes, icono adolescente de la escena musical de Colonia en los a&ntilde;os 70, que lo arriesg&oacute; todo para organizar el mayor concierto en solitario de la historia de la m&uacute;sica: el legendario Concierto de Colonia de Keith Jarrett.</span></p>
<p><strong>Ficha t&eacute;cnica:</strong>&nbsp;</p>
<ul class=""lista"">
<li>Direcci&oacute;n y guion:&nbsp;Ido Fluk</li>
<li>Pa&iacute;s:&nbsp;<span>Alemania</span></li>
<li>A&ntilde;o: 2025</li>
<li>Duraci&oacute;n: 116 minutos</li>
<li>Reparto: Mala Emde, John Magaro, Alexander Scheer, Michael Chernus...</li>
</ul>","<p><a href=""https://www.kulturklik.euskadi.eus/ekitaldia/2026/05/29/aramaioko-musika-astea-2026/webkklik00-detalle/eu/"" target=""_blank""><strong>Aramaioko 2026ko Musika Astea</strong></a>ren barne.</p>
<p>Vera Brandesen benetako istorioa, 70eko hamarkadako Koloniako musika-eszenaren ikono nerabea, dena arriskatu zuena musikaren historiako bakarkako kontzerturik handiena antolatzeko: Keith Jarretten Koloniako Kontzertu mitikoa.</p>
<p><strong>Fitxa teknikoa:</strong></p>
<ul class='lista'>
<li>Zuzendaritza eta gidoia: Ido Fluk</li>
<li>Herrialdea: Alemania</li>
<li>Urtea: 2025</li>
<li>Iraupena: 116 minutu</li>
<li>Aktoreak: Mala Emde, John Magaro, Alexander Scheer, Michael Chernus...</li>
</ul>",Aramaio,Aramaio,43.052914,-2.564295,4,1,Aramaioko Kultur Etxea,Aramaioko Kultur Etxea,http://www.aramaio.eus,http://www.aramaio.eus,Aramaioko Kultur Etxea,Aramaioko Kultur Etxea,"[{'imageId': '1145121', 'imageFileName': '44.jpg', 'imageUrl': 'https://opendata.euskadi.eus/contenidos/evento/2026052114102905/es_def/images/44.jpg'}]",[],,,,,,No informado,No informado,No informado,No informado,2026-06-09 20:23:44.388506,No informado
2026052910425980,4,Danza,Dantza,Fiestas de Otxarkoaga 2026: Exhibiciones de baile,Otxarkoagako Jaiak 2026: Dantza erakustaldiak,2026-06-09T00:00:00Z,2026-06-09T00:00:00Z,2026-05-29T10:43:12Z,,18:30,18:30,otxarkoaga.com,otxarkoaga.com,https://otxarkoaga.com/2026-Programa-Otxarkoagako-Jaiak.pdf?fbclid=PAZXh0bgNhZW0CMTEAc3J0YwZhcHBfaWQPOTM2NjE5NzQzMzkyNDU5AAGnPAh7Loxd5bTf4so64tk12GPCBgAngMkO9MoWEFNYnBXZag_Ik1BRgJ-Gw34_aem_x8KL7EQDaKB,https://otxarkoaga.com/2026-Programa-Otxarkoagako-Jaiak.pdf?fbclid=PAZXh0bgNhZW0CMTEAc3J0YwZhcHBfaWQPOTM2NjE5NzQzMzkyNDU5AAGnPAh7Loxd5bTf4so64tk12GPCBgAngMkO9MoWEFNYnBXZag_Ik1BRgJ-Gw34_aem_x8KL7EQDaKB,Gratis,Doan,,,"<p>Dentro de las <a href=""https://www.kulturklik.euskadi.eus/evento/2026/06/05/programa-fiestas-de-otxarkoaga2026-bilbao-/webkklik00-detalle/es/"" target=""_blank""><strong>fiestas del barrio Otxarkoaga 2026 en Bilbao</strong></a>.</p>
<p>18:30 | Exhibici&oacute;n de ballet y baile moderno en la plaza Ugarte de la mano de la escuela de danza Danstylo.</p>
<p>19:00 | Exhibici&oacute;n de flamenco en la plaza Ugarte de la mano del Estudio Flamenco Safo.</p>","<p><a href=""https://www.kulturklik.euskadi.eus/ekitaldia/2026/06/05/otxarkoagako-jaiak-2026-bilbo-egitaraua/webkklik00-detalle/eu/"" target=""_blank""><strong>Bilboko Otxarkoaga auzoko 2026ko jaien</strong></a> barne.</p>
<p>18:30 | Ballet eta dantza moderno erakustaldia Ugarte plazan Danstylo dantza eskolaren eskutik.</p>
<p>19:00 | Flamenko erakustaldia Safo Flamenko eskola estudioaren eskutik, Ugarte plazan.</p>",Bilbao,Bilbao,43.256963,-2.923441,167,48,,,,,,,"[{'imageId': '1147965', 'imageFileName': 'Fiestas2.jpg', 'imageUrl': 'https://opendata.euskadi.eus/contenidos/evento/2026052910425980/es_def/images/Fiestas2.jpg'}]",[],Otxarkoaga - Ugarte Plaza,Otxarkoaga - Ugarte Plaza,,,,No informado,No informado,No informado,No informado,2026-06-09 20:23:40.794320,No informado
